<?xml version="1.0"?>
<BundleManifest id="c38d1495-721a-4c2a-85b2-f6b1040b2d55">
  <bundleProperties>
    <name>FX.ConditionalSmartParts.Module</name>
    <description><![CDATA[A configurable module for Infor CRM that allows you to specify SmartParts to show or hide based on values of an entity property.]]></description>
    <address><![CDATA[2324 University Avenue West
Suite 204
Saint Paul, MN 55114
http://customerfx.com]]></address>
    <company>Customer FX Corporation</company>
    <copyright><![CDATA[Copyright 2017 (c) Customer FX Corporation]]></copyright>
    <majorVersion>1</majorVersion>
    <minorVersion>0</minorVersion>
    <revision>0</revision>
    <build>3</build>
    <autoIncrement>false</autoIncrement>
    <installDate>0001-01-01T00:00:00</installDate>
    <installPassword />
    <formatVersion>8.3.0.2066</formatVersion>
  </bundleProperties>
  <bundleItemHierarchy>
    <bundleItem modelId="af988c91-97c8-4527-b072-e021c9e2cb1a" itemTypeName="Sage.Platform.BundleModel.BundleManifestItem, Sage.Platform.BundleModel">
      <BundleManifestItem xmlns:xsi="http://www.w3.org/2001/XMLSchema-instance" xmlns:xsd="http://www.w3.org/2001/XMLSchema">
        <ItemId>c38d1495-721a-4c2a-85b2-f6b1040b2d55</ItemId>
        <Url>\</Url>
        <BundleItemType>Container</BundleItemType>
        <Caption>FX.ConditionalSmartParts.Module</Caption>
      </BundleManifestItem>
      <children>
        <bundleItem modelId="73d4e7d0-a7fa-40ae-8b45-1ad7ed954154" itemTypeName="Sage.Platform.WebPortal.Design.BundleSupport.ManagerBundleItem, Sage.Platform.WebPortal.Design">
          <ManagerBundleItem xmlns:xsi="http://www.w3.org/2001/XMLSchema-instance" xmlns:xsd="http://www.w3.org/2001/XMLSchema">
            <ItemId>\Portal</ItemId>
            <Url>\Portal</Url>
            <BundleItemType>Container</BundleItemType>
            <Caption>Portals</Caption>
          </ManagerBundleItem>
          <children>
            <bundleItem modelId="73d4e7d0-a7fa-40ae-8b45-1ad7ed954154" itemTypeName="Sage.Platform.WebPortal.Design.BundleSupport.ModelItemBundleItem, Sage.Platform.WebPortal.Design">
              <ModelItemBundleItem xmlns:xsi="http://www.w3.org/2001/XMLSchema-instance" xmlns:xsd="http://www.w3.org/2001/XMLSchema">
                <ItemId>861ac5fe-b571-4015-a55d-bf63e400e1e7</ItemId>
                <Url>\Portal\SlxClient\SlxClient.cabapp.ptl.xml</Url>
                <BundleItemType>Context</BundleItemType>
                <Caption>SlxClient</Caption>
              </ModelItemBundleItem>
              <children>
                <bundleItem modelId="73d4e7d0-a7fa-40ae-8b45-1ad7ed954154" itemTypeName="Sage.Platform.WebPortal.Design.BundleSupport.LinkedFolderBundleItem, Sage.Platform.WebPortal.Design">
                  <LinkedFolderBundleItem xmlns:xsi="http://www.w3.org/2001/XMLSchema-instance" xmlns:xsd="http://www.w3.org/2001/XMLSchema">
                    <ItemId>\Portal\SlxClient\SlxClient.cabapp.ptl.xml\SupportFiles</ItemId>
                    <Url>\Portal\SlxClient\SlxClient.cabapp.ptl.xml\SupportFiles</Url>
                    <BundleItemType>Context</BundleItemType>
                    <Caption>SupportFiles</Caption>
                    <InstallOptions>SkipItemAndChildren</InstallOptions>
                  </LinkedFolderBundleItem>
                  <children>
                    <bundleItem modelId="73d4e7d0-a7fa-40ae-8b45-1ad7ed954154" itemTypeName="Sage.Platform.WebPortal.Design.BundleSupport.LinkedFolderBundleItem, Sage.Platform.WebPortal.Design">
                      <LinkedFolderBundleItem xmlns:xsi="http://www.w3.org/2001/XMLSchema-instance" xmlns:xsd="http://www.w3.org/2001/XMLSchema">
                        <ItemId>\Portal\SlxClient\SlxClient.cabapp.ptl.xml\SupportFiles\Bin</ItemId>
                        <Url>\Portal\SlxClient\SlxClient.cabapp.ptl.xml\SupportFiles\Bin</Url>
                        <BundleItemType>Context</BundleItemType>
                        <Caption>Bin</Caption>
                        <InstallOptions>SkipItemAndChildren</InstallOptions>
                      </LinkedFolderBundleItem>
                      <children>
                        <bundleItem modelId="73d4e7d0-a7fa-40ae-8b45-1ad7ed954154" itemTypeName="Sage.Platform.WebPortal.Design.BundleSupport.LinkedFileBundleItem, Sage.Platform.WebPortal.Design">
                          <LinkedFileBundleItem xmlns:xsi="http://www.w3.org/2001/XMLSchema-instance" xmlns:xsd="http://www.w3.org/2001/XMLSchema">
                            <ItemId>\Portal\SlxClient\SupportFiles\Bin\FX.ConditionalSmartParts.dll</ItemId>
                            <Url>\Portal\SlxClient\SupportFiles\Bin\FX.ConditionalSmartParts.dll</Url>
                            <BundleItemType>Other</BundleItemType>
                            <Caption>FX.ConditionalSmartParts.dll</Caption>
                            <InstallOptions>SkipItemAndChildren</InstallOptions>
                            <IsLinkedFile>false</IsLinkedFile>
                            <SourcePath>C:\_RPF\SLX_EVAL\Model\Portal\SlxClient\SupportFiles\Bin\FX.ConditionalSmartParts.dll</SourcePath>
                            <ParentModelItemUrl>\Portal\SlxClient\SlxClient.cabapp.ptl.xml</ParentModelItemUrl>
                            <ProjectPath>SupportFiles\Bin\FX.ConditionalSmartParts.dll</ProjectPath>
                          </LinkedFileBundleItem>
                        </bundleItem>
                      </children>
                    </bundleItem>
                    <bundleItem modelId="73d4e7d0-a7fa-40ae-8b45-1ad7ed954154" itemTypeName="Sage.Platform.WebPortal.Design.BundleSupport.LinkedFileBundleItem, Sage.Platform.WebPortal.Design">
                      <LinkedFileBundleItem xmlns:xsi="http://www.w3.org/2001/XMLSchema-instance" xmlns:xsd="http://www.w3.org/2001/XMLSchema">
                        <ItemId>\Portal\SlxClient\SupportFiles\FX.ConditionalSmartParts.json</ItemId>
                        <Url>\Portal\SlxClient\SupportFiles\FX.ConditionalSmartParts.json</Url>
                        <BundleItemType>Other</BundleItemType>
                        <Caption>FX.ConditionalSmartParts.json</Caption>
                        <InstallOptions>SkipItemAndChildren</InstallOptions>
                        <IsLinkedFile>false</IsLinkedFile>
                        <SourcePath>C:\_RPF\SLX_EVAL\Model\Portal\SlxClient\SupportFiles\FX.ConditionalSmartParts.json</SourcePath>
                        <ParentModelItemUrl>\Portal\SlxClient\SlxClient.cabapp.ptl.xml</ParentModelItemUrl>
                        <ProjectPath>SupportFiles\FX.ConditionalSmartParts.json</ProjectPath>
                      </LinkedFileBundleItem>
                    </bundleItem>
                  </children>
                </bundleItem>
                <bundleItem modelId="73d4e7d0-a7fa-40ae-8b45-1ad7ed954154" itemTypeName="Sage.Platform.WebPortal.Design.BundleSupport.ContainerBundleItem, Sage.Platform.WebPortal.Design">
                  <ContainerBundleItem xmlns:xsi="http://www.w3.org/2001/XMLSchema-instance" xmlns:xsd="http://www.w3.org/2001/XMLSchema">
                    <ItemId>\Portal\SlxClient\SlxClient.cabapp.ptl.xml\Modules</ItemId>
                    <Url>\Portal\SlxClient\SlxClient.cabapp.ptl.xml\Modules</Url>
                    <BundleItemType>Container</BundleItemType>
                    <Caption>Modules</Caption>
                  </ContainerBundleItem>
                  <children>
                    <bundleItem modelId="73d4e7d0-a7fa-40ae-8b45-1ad7ed954154" itemTypeName="Sage.Platform.WebPortal.Design.BundleSupport.ModelItemBundleItem, Sage.Platform.WebPortal.Design">
                      <ModelItemBundleItem xmlns:xsi="http://www.w3.org/2001/XMLSchema-instance" xmlns:xsd="http://www.w3.org/2001/XMLSchema">
                        <ItemId>de5dfa41-bb56-437b-8ca5-6d35d9623ecc</ItemId>
                        <Url>\Portal\SlxClient\Modules\FX.ConditionalSmartParts.Module.module.xml</Url>
                        <BundleItemType>ModelItem</BundleItemType>
                        <Caption>FX.ConditionalSmartParts.Module</Caption>
                        <InstallOrderOptions>
                          <BeforeAll>false</BeforeAll>
                          <InstallAfter>d892743d-8a5b-4e9f-a7c5-3ea3728e6c42</InstallAfter>
                        </InstallOrderOptions>
                      </ModelItemBundleItem>
                    </bundleItem>
                  </children>
                </bundleItem>
              </children>
            </bundleItem>
          </children>
        </bundleItem>
      </children>
    </bundleItem>
  </bundleItemHierarchy>
  <bundleActionHierarchy>
    <bundleItem modelId="af988c91-97c8-4527-b072-e021c9e2cb1a" itemTypeName="Sage.Platform.BundleModel.RootBundleAction, Sage.Platform.BundleModel">
      <RootBundleAction xmlns:xsi="http://www.w3.org/2001/XMLSchema-instance" xmlns:xsd="http://www.w3.org/2001/XMLSchema">
        <ItemId>\Actions</ItemId>
        <Url>\Actions</Url>
        <BundleItemType>Container</BundleItemType>
        <Caption>Bundle Actions</Caption>
      </RootBundleAction>
    </bundleItem>
  </bundleActionHierarchy>
  <itemsToDelete />
  <globalResources />
</BundleManifest>